customer_id,churn_probability,predicted_churn,risk_bucket,actual_churn
949,1.0,1,Very High,1
386,0.996667,1,Very High,1
176,0.996667,1,Very High,1
467,0.996667,1,Very High,1
1251,0.993333,1,Very High,1
2490,0.993333,1,Very High,1
2132,0.993333,1,Very High,1
2317,0.993333,1,Very High,1
795,0.99,1,Very High,1
1718,0.99,1,Very High,1
991,0.99,1,Very High,1
1075,0.99,1,Very High,1
929,0.99,1,Very High,1
1258,0.99,1,Very High,1
122,0.99,1,Very High,1
2440,0.986667,1,Very High,1
775,0.986667,1,Very High,1
1595,0.986667,1,Very High,1
2252,0.983333,1,Very High,1
247,0.983333,1,Very High,1
361,0.983333,1,Very High,1
753,0.983333,1,Very High,1
1116,0.983333,1,Very High,1
2186,0.98,1,Very High,1
1691,0.98,1,Very High,1
2157,0.98,1,Very High,1
1468,0.98,1,Very High,1
474,0.98,1,Very High,1
2207,0.976667,1,Very High,1
71,0.976667,1,Very High,1
508,0.976667,1,Very High,1
682,0.976667,1,Very High,1
941,0.976667,1,Very High,1
2043,0.973333,1,Very High,1
764,0.973333,1,Very High,1
1437,0.973333,1,Very High,1
665,0.973333,1,Very High,1
146,0.973333,1,Very High,1
1941,0.973333,1,Very High,1
1179,0.973333,1,Very High,1
1459,0.97,1,Very High,1
639,0.97,1,Very High,1
735,0.97,1,Very High,1
2349,0.97,1,Very High,1
1929,0.97,1,Very High,1
515,0.97,1,Very High,1
2156,0.966667,1,Very High,1
638,0.966667,1,Very High,1
640,0.966667,1,Very High,1
641,0.966667,1,Very High,1
1477,0.966667,1,Very High,1
577,0.966667,1,Very High,1
826,0.966667,1,Very High,1
719,0.966667,1,Very High,1
1378,0.966667,1,Very High,1
2077,0.966667,1,Very High,1
1423,0.963333,1,Very High,1
683,0.963333,1,Very High,1
1138,0.963333,1,Very High,1
239,0.96,1,Very High,1
1887,0.96,1,Very High,1
333,0.96,1,Very High,1
208,0.96,1,Very High,1
334,0.96,1,Very High,1
2255,0.956667,1,Very High,1
366,0.956667,1,Very High,1
836,0.956667,1,Very High,1
456,0.956667,1,Very High,1
2375,0.956667,1,Very High,1
392,0.956667,1,Very High,1
1653,0.953333,1,Very High,1
2057,0.953333,1,Very High,1
1992,0.953333,1,Very High,1
2364,0.953333,1,Very High,1
170,0.953333,1,Very High,1
1120,0.95,1,Very High,1
1939,0.95,1,Very High,1
2090,0.95,1,Very High,1
1158,0.95,1,Very High,1
1346,0.95,1,Very High,1
2415,0.946667,1,Very High,1
726,0.946667,1,Very High,1
1738,0.946667,1,Very High,1
610,0.946667,1,Very High,1
1587,0.946667,1,Very High,1
1420,0.946667,1,Very High,1
1395,0.943333,1,Very High,1
422,0.943333,1,Very High,1
1716,0.943333,1,Very High,1
41,0.943333,1,Very High,1
556,0.94,1,Very High,1
1512,0.94,1,Very High,1
922,0.94,1,Very High,1
1905,0.94,1,Very High,1
2430,0.94,1,Very High,1
950,0.94,1,Very High,1
1204,0.94,1,Very High,1
2068,0.936667,1,Very High,1
844,0.936667,1,Very High,1
608,0.936667,1,Very High,1
525,0.936667,1,Very High,1
1366,0.936667,1,Very High,1
1227,0.936667,1,Very High,1
2366,0.933333,1,Very High,1
1322,0.933333,1,Very High,1
1740,0.933333,1,Very High,1
188,0.933333,1,Very High,1
1895,0.933333,1,Very High,1
1577,0.933333,1,Very High,1
2019,0.933333,1,Very High,1
1710,0.933333,1,Very High,1
68,0.93,1,Very High,1
1350,0.93,1,Very High,1
31,0.93,1,Very High,1
14,0.93,1,Very High,1
1965,0.93,1,Very High,1
2295,0.93,1,Very High,1
2034,0.93,1,Very High,1
1812,0.93,1,Very High,1
1470,0.926667,1,Very High,1
1564,0.926667,1,Very High,1
311,0.926667,1,Very High,1
308,0.926667,1,Very High,1
1316,0.926667,1,Very High,1
1946,0.926667,1,Very High,1
2282,0.926667,1,Very High,1
1025,0.923333,1,Very High,1
1445,0.923333,1,Very High,1
450,0.923333,1,Very High,1
2486,0.923333,1,Very High,1
96,0.923333,1,Very High,1
486,0.92,1,Very High,1
918,0.92,1,Very High,1
103,0.92,1,Very High,1
19,0.92,1,Very High,1
1855,0.92,1,Very High,1
2485,0.92,1,Very High,1
1488,0.92,1,Very High,1
1549,0.92,1,Very High,1
1618,0.916667,1,Very High,1
391,0.916667,1,Very High,1
2136,0.916667,1,Very High,1
2115,0.916667,1,Very High,1
1264,0.916667,1,Very High,1
1298,0.916667,1,Very High,1
2062,0.913333,1,Very High,1
621,0.913333,1,Very High,1
2094,0.913333,1,Very High,1
2498,0.91,1,Very High,1
2480,0.91,1,Very High,1
312,0.91,1,Very High,1
220,0.91,1,Very High,1
13,0.91,1,Very High,1
1550,0.91,1,Very High,1
632,0.91,1,Very High,1
1487,0.91,1,Very High,1
1919,0.91,1,Very High,1
297,0.906667,1,Very High,1
356,0.906667,1,Very High,1
1310,0.906667,1,Very High,1
1938,0.906667,1,Very High,1
923,0.906667,1,Very High,1
362,0.906667,1,Very High,1
152,0.906667,1,Very High,1
1157,0.906667,1,Very High,1
1121,0.906667,1,Very High,1
1452,0.903333,1,Very High,1
1862,0.903333,1,Very High,1
1410,0.903333,1,Very High,1
864,0.903333,1,Very High,1
660,0.903333,1,Very High,1
59,0.903333,1,Very High,1
132,0.903333,1,Very High,1
792,0.9,1,Very High,1
629,0.9,1,Very High,1
1881,0.9,1,Very High,1
2400,0.9,1,Very High,1
989,0.896667,1,Very High,1
1743,0.896667,1,Very High,1
612,0.896667,1,Very High,1
337,0.893333,1,Very High,1
1239,0.893333,1,Very High,1
1002,0.893333,1,Very High,1
1326,0.893333,1,Very High,1
1606,0.893333,1,Very High,1
2015,0.89,1,Very High,1
1589,0.89,1,Very High,1
389,0.89,1,Very High,1
1725,0.89,1,Very High,1
17,0.886667,1,Very High,1
2147,0.886667,1,Very High,1
382,0.886667,1,Very High,1
355,0.886667,1,Very High,1
1336,0.886667,1,Very High,1
55,0.886667,1,Very High,1
2281,0.883333,1,Very High,1
1004,0.883333,1,Very High,1
514,0.883333,1,Very High,1
2412,0.883333,1,Very High,1
2340,0.883333,1,Very High,1
2306,0.883333,1,Very High,1
1937,0.88,1,Very High,1
1593,0.88,1,Very High,1
1898,0.88,1,Very High,1
733,0.88,1,Very High,1
2445,0.876667,1,Very High,1
321,0.876667,1,Very High,1
423,0.876667,1,Very High,1
306,0.876667,1,Very High,1
309,0.876667,1,Very High,1
2075,0.873333,1,Very High,1
814,0.873333,1,Very High,1
828,0.873333,1,Very High,1
1194,0.87,1,Very High,1
1649,0.87,1,Very High,1
1749,0.866667,1,Very High,1
1441,0.866667,1,Very High,1
140,0.866667,1,Very High,1
1038,0.866667,1,Very High,1
1824,0.866667,1,Very High,1
434,0.863333,1,Very High,1
95,0.86,1,Very High,1
1385,0.86,1,Very High,1
974,0.86,1,Very High,1
1980,0.86,1,Very High,1
1705,0.856667,1,Very High,1
1976,0.856667,1,Very High,1
1859,0.853333,1,Very High,1
1096,0.853333,1,Very High,1
2032,0.853333,1,Very High,1
1226,0.85,1,Very High,1
1040,0.85,1,Very High,1
531,0.85,1,Very High,1
866,0.85,1,Very High,1
2100,0.846667,1,Very High,1
425,0.846667,1,Very High,1
302,0.846667,1,Very High,1
1536,0.846667,1,Very High,1
1376,0.846667,1,Very High,1
692,0.843333,1,Very High,1
2208,0.843333,1,Very High,1
47,0.84,1,Very High,1
1575,0.84,1,Very High,1
2481,0.84,1,Very High,1
185,0.836667,1,Very High,1
1643,0.836667,1,Very High,1
1071,0.836667,1,Very High,1
1786,0.833333,1,Very High,1
2052,0.833333,1,Very High,1
287,0.833333,1,Very High,1
598,0.833333,1,Very High,1
642,0.833333,1,Very High,1
2069,0.833333,1,Very High,1
116,0.833333,1,Very High,1
1977,0.833333,1,Very High,1
669,0.833333,1,Very High,1
1681,0.833333,1,Very High,1
1917,0.833333,1,Very High,1
238,0.83,1,Very High,1
1657,0.83,1,Very High,1
1481,0.83,1,Very High,1
858,0.83,1,Very High,1
835,0.83,1,Very High,1
781,0.83,1,Very High,1
44,0.83,1,Very High,1
495,0.826667,1,Very High,1
1142,0.826667,1,Very High,1
1060,0.826667,1,Very High,1
678,0.826667,1,Very High,1
449,0.826667,1,Very High,1
789,0.826667,1,Very High,1
2346,0.823333,1,Very High,1
910,0.823333,1,Very High,1
894,0.823333,1,Very High,1
90,0.82,1,Very High,1
1585,0.82,1,Very High,1
84,0.816667,1,Very High,1
1665,0.816667,1,Very High,1
582,0.816667,1,Very High,1
1576,0.816667,1,Very High,1
412,0.813333,1,Very High,1
1928,0.81,1,Very High,1
1697,0.81,1,Very High,1
125,0.81,1,Very High,1
1102,0.806667,1,Very High,1
578,0.806667,1,Very High,1
1688,0.806667,1,Very High,1
2441,0.806667,1,Very High,1
794,0.803333,1,Very High,1
2011,0.803333,1,Very High,1
1644,0.803333,1,Very High,1
1348,0.8,1,Very High,1
1987,0.8,1,Very High,1
1782,0.796667,1,High,1
243,0.793333,1,High,1
680,0.793333,1,High,1
1572,0.793333,1,High,1
1340,0.793333,1,High,1
2217,0.793333,1,High,1
1304,0.793333,1,High,1
2257,0.793333,1,High,1
1514,0.793333,1,High,1
2007,0.79,1,High,1
1877,0.79,1,High,1
1761,0.79,1,High,1
1359,0.79,1,High,1
946,0.79,1,High,1
1545,0.786667,1,High,1
1496,0.786667,1,High,1
2226,0.786667,1,High,1
2093,0.783333,1,High,1
1544,0.783333,1,High,1
534,0.78,1,High,1
2357,0.78,1,High,1
1103,0.776667,1,High,1
2293,0.776667,1,High,1
2464,0.776667,1,High,1
1720,0.776667,1,High,1
649,0.776667,1,High,1
658,0.773333,1,High,1
343,0.773333,1,High,1
1431,0.766667,1,High,1
1692,0.766667,1,High,1
81,0.766667,1,High,1
473,0.763333,1,High,1
1856,0.763333,1,High,1
1201,0.763333,1,High,1
280,0.76,1,High,1
656,0.76,1,High,1
249,0.76,1,High,1
1631,0.753333,1,High,1
1279,0.753333,1,High,1
261,0.753333,1,High,1
2174,0.75,1,High,1
21,0.75,1,High,0
867,0.746667,1,High,1
2022,0.746667,1,High,1
1321,0.74,1,High,1
503,0.74,1,High,1
64,0.74,1,High,1
419,0.736667,1,High,1
289,0.733333,1,High,1
618,0.73,1,High,1
2158,0.726667,1,High,1
1188,0.723333,1,High,1
1827,0.72,1,High,1
2182,0.72,1,High,1
129,0.716667,1,High,1
1115,0.713333,1,High,1
478,0.713333,1,High,1
2225,0.713333,1,High,1
703,0.71,1,High,1
1003,0.71,1,High,1
760,0.706667,1,High,1
15,0.706667,1,High,1
671,0.7,1,High,1
1208,0.7,1,High,1
1509,0.7,1,High,1
323,0.7,1,High,1
905,0.696667,1,High,1
1719,0.696667,1,High,1
684,0.696667,1,High,1
1796,0.693333,1,High,1
1696,0.693333,1,High,1
57,0.693333,1,High,1
2413,0.69,1,High,0
688,0.69,1,High,1
1266,0.69,1,High,0
635,0.686667,1,High,1
65,0.686667,1,High,1
2365,0.68,1,High,1
2203,0.68,1,High,1
2392,0.676667,1,High,1
769,0.676667,1,High,1
2109,0.673333,1,High,1
438,0.673333,1,High,1
765,0.673333,1,High,1
1373,0.67,1,High,1
290,0.67,1,High,1
2198,0.666667,1,High,1
1070,0.666667,1,High,1
829,0.663333,1,High,1
336,0.66,1,High,1
2021,0.656667,1,High,1
192,0.656667,1,High,1
1998,0.656667,1,High,1
865,0.653333,1,High,1
2334,0.653333,1,High,1
2302,0.653333,1,High,1
1845,0.653333,1,High,1
1289,0.65,1,High,1
2454,0.65,1,High,1
223,0.646667,1,High,1
360,0.646667,1,High,1
295,0.643333,1,High,1
2027,0.64,1,High,1
663,0.636667,1,High,1
555,0.636667,1,High,1
1136,0.633333,1,High,1
1518,0.633333,1,High,1
2110,0.633333,1,High,1
1171,0.633333,1,High,1
1214,0.63,1,High,1
2162,0.626667,1,High,1
2039,0.626667,1,High,1
1993,0.626667,1,High,1
2037,0.626667,1,High,1
1569,0.623333,1,High,1
259,0.623333,1,High,1
379,0.616667,1,High,1
1355,0.613333,1,High,1
700,0.61,1,High,1
762,0.606667,1,High,0
1612,0.6,1,High,1
2223,0.59,1,Medium,1
305,0.583333,1,Medium,1
2234,0.58,1,Medium,1
1553,0.58,1,Medium,1
1150,0.576667,1,Medium,1
1182,0.55,1,Medium,1
2378,0.546667,1,Medium,1
10,0.536667,1,Medium,0
1596,0.526667,1,Medium,1
2260,0.52,1,Medium,1
8,0.51,1,Medium,1
1253,0.496667,1,Medium,0
2333,0.493333,1,Medium,1
574,0.49,1,Medium,0
628,0.483333,1,Medium,0
35,0.483333,1,Medium,1
111,0.48,1,Medium,1
2160,0.476667,1,Medium,1
233,0.47,1,Medium,1
767,0.466667,1,Medium,1
1654,0.456667,1,Medium,1
1389,0.446667,1,Medium,0
1506,0.393333,1,Medium,0
268,0.386667,1,Medium,0
588,0.376667,1,Medium,0
1542,0.373333,1,Medium,0
1225,0.37,1,Medium,0
1228,0.363333,1,Medium,1
83,0.36,1,Medium,1
2058,0.356667,1,Medium,1
1012,0.35,1,Medium,1
1453,0.34,1,Medium,0
1954,0.33,1,Medium,0
1809,0.33,1,Medium,1
887,0.32,1,Medium,1
1785,0.313333,1,Medium,0
492,0.31,1,Medium,0
168,0.303333,1,Medium,0
210,0.296667,1,Low,0
1942,0.296667,1,Low,0
1822,0.29,1,Low,0
1035,0.29,1,Low,0
806,0.29,1,Low,0
2120,0.286667,1,Low,0
2111,0.286667,1,Low,0
1582,0.286667,1,Low,0
2370,0.286667,1,Low,0
791,0.286667,1,Low,1
654,0.283333,1,Low,0
1770,0.28,1,Low,0
861,0.276667,1,Low,0
2202,0.276667,1,Low,0
226,0.273333,1,Low,0
1882,0.273333,1,Low,0
787,0.266667,1,Low,0
986,0.266667,1,Low,0
1173,0.263333,1,Low,0
181,0.263333,1,Low,0
770,0.263333,1,Low,0
645,0.256667,1,Low,0
890,0.25,1,Low,1
1647,0.246667,1,Low,0
1626,0.243333,1,Low,1
2227,0.243333,1,Low,0
169,0.243333,1,Low,0
2308,0.24,1,Low,0
2311,0.24,1,Low,0
415,0.236667,1,Low,0
2151,0.236667,1,Low,0
2073,0.236667,1,Low,0
1840,0.23,1,Low,0
1648,0.23,1,Low,0
2494,0.226667,1,Low,0
283,0.223333,1,Low,0
373,0.22,1,Low,0
1250,0.22,1,Low,1
2079,0.216667,1,Low,1
928,0.216667,1,Low,0
1706,0.213333,1,Low,0
1063,0.213333,1,Low,0
997,0.21,1,Low,0
1145,0.21,1,Low,1
1390,0.206667,1,Low,0
2466,0.206667,1,Low,0
1689,0.203333,1,Low,0
1407,0.203333,1,Low,0
1377,0.203333,1,Low,0
1886,0.2,1,Low,0
1521,0.2,1,Low,0
1339,0.2,1,Low,0
1416,0.196667,1,Low,0
1741,0.196667,1,Low,0
1625,0.196667,1,Low,1
2002,0.193333,1,Low,0
2275,0.193333,1,Low,0
945,0.193333,1,Low,0
491,0.183333,0,Low,0
1463,0.183333,0,Low,0
304,0.183333,0,Low,0
1176,0.183333,0,Low,0
552,0.18,0,Low,0
966,0.18,0,Low,0
2232,0.176667,0,Low,0
2088,0.176667,0,Low,0
518,0.176667,0,Low,0
1245,0.173333,0,Low,0
2082,0.17,0,Low,0
544,0.166667,0,Low,0
1133,0.166667,0,Low,0
841,0.166667,0,Low,0
1495,0.166667,0,Low,1
1370,0.166667,0,Low,0
1739,0.163333,0,Low,0
1233,0.163333,0,Low,0
1539,0.163333,0,Low,1
919,0.163333,0,Low,0
1064,0.163333,0,Low,0
1736,0.163333,0,Low,0
1300,0.16,0,Low,0
2286,0.16,0,Low,0
2081,0.16,0,Low,0
1875,0.16,0,Low,0
2122,0.16,0,Low,0
2116,0.16,0,Low,0
1699,0.156667,0,Low,0
1956,0.156667,0,Low,0
375,0.156667,0,Low,0
250,0.153333,0,Low,0
900,0.153333,0,Low,0
709,0.153333,0,Low,0
70,0.15,0,Low,0
710,0.15,0,Low,0
1635,0.15,0,Low,0
1528,0.146667,0,Low,0
1056,0.146667,0,Low,0
933,0.146667,0,Low,0
2024,0.143333,0,Low,0
1638,0.143333,0,Low,0
108,0.143333,0,Low,0
61,0.143333,0,Low,0
1080,0.143333,0,Low,1
1357,0.143333,0,Low,0
1104,0.143333,0,Low,0
576,0.14,0,Low,0
1262,0.14,0,Low,0
1384,0.14,0,Low,0
854,0.14,0,Low,0
1815,0.136667,0,Low,0
2023,0.136667,0,Low,0
990,0.136667,0,Low,1
1835,0.136667,0,Low,0
1949,0.136667,0,Low,0
1500,0.136667,0,Low,0
1483,0.136667,0,Low,0
984,0.133333,0,Low,0
1709,0.133333,0,Low,0
1885,0.133333,0,Low,0
1819,0.133333,0,Low,0
1502,0.13,0,Low,0
1292,0.13,0,Low,0
1807,0.13,0,Low,0
157,0.13,0,Low,0
1823,0.13,0,Low,0
1798,0.13,0,Low,0
2267,0.13,0,Low,0
2246,0.13,0,Low,0
1295,0.13,0,Low,0
1426,0.126667,0,Low,0
2248,0.126667,0,Low,0
1330,0.126667,0,Low,0
2301,0.123333,0,Low,0
426,0.123333,0,Low,0
2297,0.123333,0,Low,0
1178,0.123333,0,Low,0
2264,0.123333,0,Low,0
736,0.123333,0,Low,0
1220,0.123333,0,Low,0
256,0.12,0,Low,0
190,0.12,0,Low,0
1752,0.12,0,Low,0
1737,0.12,0,Low,0
402,0.12,0,Low,0
2065,0.12,0,Low,0
2496,0.12,0,Low,0
2018,0.12,0,Low,0
1966,0.116667,0,Low,0
2176,0.116667,0,Low,0
2444,0.116667,0,Low,0
500,0.116667,0,Low,0
557,0.116667,0,Low,0
367,0.116667,0,Low,0
2152,0.116667,0,Low,0
2359,0.113333,0,Low,0
586,0.113333,0,Low,0
585,0.113333,0,Low,0
1108,0.113333,0,Low,0
1358,0.113333,0,Low,0
1197,0.113333,0,Low,0
1414,0.113333,0,Low,0
2258,0.113333,0,Low,0
1557,0.113333,0,Low,0
2356,0.113333,0,Low,0
39,0.11,0,Low,0
522,0.11,0,Low,0
1948,0.11,0,Low,0
145,0.11,0,Low,0
606,0.11,0,Low,0
1163,0.11,0,Low,0
818,0.11,0,Low,0
219,0.11,0,Low,0
1950,0.11,0,Low,0
685,0.11,0,Low,0
322,0.11,0,Low,0
1305,0.11,0,Low,1
1646,0.11,0,Low,0
2008,0.11,0,Low,0
1094,0.106667,0,Low,0
1415,0.106667,0,Low,0
1084,0.106667,0,Low,0
274,0.106667,0,Low,0
1837,0.106667,0,Low,0
427,0.106667,0,Low,0
2473,0.106667,0,Low,0
2390,0.106667,0,Low,0
1830,0.106667,0,Low,0
329,0.106667,0,Low,0
202,0.106667,0,Low,0
1368,0.106667,0,Low,0
1745,0.106667,0,Low,0
230,0.106667,0,Low,0
1443,0.106667,0,Low,0
432,0.103333,0,Low,0
184,0.103333,0,Low,0
2004,0.103333,0,Low,0
252,0.103333,0,Low,0
2304,0.103333,0,Low,0
1748,0.103333,0,Low,0
908,0.103333,0,Low,0
482,0.1,0,Low,0
342,0.1,0,Low,0
893,0.1,0,Low,0
1556,0.1,0,Low,0
421,0.1,0,Low,0
234,0.1,0,Low,0
725,0.096667,0,Low,0
804,0.096667,0,Low,0
299,0.096667,0,Low,0
1799,0.096667,0,Low,0
2041,0.096667,0,Low,0
2000,0.096667,0,Low,0
1982,0.096667,0,Low,0
2,0.096667,0,Low,0
232,0.096667,0,Low,0
1257,0.096667,0,Low,0
1034,0.096667,0,Low,0
246,0.096667,0,Low,0
166,0.096667,0,Low,0
550,0.093333,0,Low,0
756,0.093333,0,Low,0
2179,0.093333,0,Low,0
1193,0.093333,0,Low,0
2083,0.093333,0,Low,0
1947,0.093333,0,Low,0
1999,0.093333,0,Low,0
221,0.093333,0,Low,0
1117,0.093333,0,Low,0
476,0.093333,0,Low,0
318,0.093333,0,Low,0
1421,0.093333,0,Low,0
1312,0.093333,0,Low,0
1525,0.093333,0,Low,0
147,0.093333,0,Low,0
833,0.093333,0,Low,0
2139,0.093333,0,Low,0
186,0.09,0,Low,0
1020,0.09,0,Low,0
1169,0.09,0,Low,0
2322,0.09,0,Low,0
1519,0.09,0,Low,1
2245,0.09,0,Low,0
2274,0.09,0,Low,0
1541,0.09,0,Low,0
502,0.09,0,Low,0
2076,0.086667,0,Low,0
1397,0.086667,0,Low,0
119,0.086667,0,Low,0
1281,0.086667,0,Low,0
1090,0.086667,0,Low,0
589,0.086667,0,Low,0
1058,0.086667,0,Low,0
1052,0.086667,0,Low,0
2131,0.086667,0,Low,0
357,0.086667,0,Low,0
2320,0.086667,0,Low,0
1724,0.086667,0,Low,0
1476,0.086667,0,Low,0
1945,0.083333,0,Low,0
1334,0.083333,0,Low,0
1634,0.083333,0,Low,0
528,0.083333,0,Low,0
1767,0.083333,0,Low,0
1041,0.083333,0,Low,0
1663,0.083333,0,Low,0
1127,0.083333,0,Low,0
626,0.083333,0,Low,0
1924,0.08,0,Low,0
504,0.08,0,Low,0
2287,0.08,0,Low,0
1323,0.08,0,Low,0
1301,0.08,0,Low,0
1237,0.08,0,Low,0
1847,0.08,0,Low,0
1185,0.08,0,Low,0
1813,0.08,0,Low,0
545,0.08,0,Low,1
2103,0.08,0,Low,0
2447,0.08,0,Low,0
1343,0.08,0,Low,0
162,0.08,0,Low,1
435,0.076667,0,Low,0
2042,0.076667,0,Low,0
1637,0.076667,0,Low,0
1722,0.076667,0,Low,0
49,0.076667,0,Low,0
1061,0.076667,0,Low,0
882,0.076667,0,Low,0
72,0.076667,0,Low,0
631,0.076667,0,Low,0
1168,0.076667,0,Low,0
1042,0.076667,0,Low,0
1345,0.076667,0,Low,0
1685,0.076667,0,Low,0
2446,0.076667,0,Low,0
785,0.076667,0,Low,0
878,0.076667,0,Low,0
481,0.076667,0,Low,0
1772,0.076667,0,Low,0
1110,0.073333,0,Low,0
1272,0.073333,0,Low,0
911,0.073333,0,Low,0
2402,0.073333,0,Low,0
400,0.073333,0,Low,0
436,0.073333,0,Low,0
2382,0.073333,0,Low,0
2487,0.073333,0,Low,0
2187,0.073333,0,Low,0
1404,0.073333,0,Low,0
213,0.073333,0,Low,0
207,0.073333,0,Low,0
409,0.073333,0,Low,0
507,0.073333,0,Low,0
1776,0.073333,0,Low,0
1291,0.073333,0,Low,0
653,0.07,0,Low,0
1669,0.07,0,Low,0
2331,0.07,0,Low,0
907,0.07,0,Low,0
93,0.07,0,Low,0
2106,0.07,0,Low,0
2328,0.07,0,Low,0
875,0.07,0,Low,0
1067,0.07,0,Low,0
104,0.07,0,Low,0
940,0.07,0,Low,0
2477,0.07,0,Low,0
2455,0.07,0,Low,0
52,0.07,0,Low,0
1374,0.07,0,Low,0
1464,0.07,0,Low,0
749,0.07,0,Low,0
1282,0.07,0,Low,0
717,0.07,0,Low,0
2243,0.07,0,Low,0
575,0.066667,0,Low,0
1435,0.066667,0,Low,0
1396,0.066667,0,Low,0
1101,0.066667,0,Low,0
971,0.066667,0,Low,0
1466,0.066667,0,Low,0
1202,0.066667,0,Low,0
135,0.066667,0,Low,0
1493,0.066667,0,Low,0
191,0.066667,0,Low,0
1730,0.066667,0,Low,0
1030,0.066667,0,Low,0
1026,0.066667,0,Low,0
77,0.066667,0,Low,0
2484,0.066667,0,Low,0
2376,0.066667,0,Low,0
2388,0.063333,0,Low,0
2222,0.063333,0,Low,0
26,0.063333,0,Low,0
2005,0.063333,0,Low,1
745,0.063333,0,Low,0
2373,0.063333,0,Low,0
408,0.063333,0,Low,0
1715,0.063333,0,Low,0
655,0.063333,0,Low,0
1794,0.063333,0,Low,0
2087,0.063333,0,Low,0
1333,0.063333,0,Low,0
353,0.063333,0,Low,0
359,0.063333,0,Low,0
1702,0.063333,0,Low,0
1729,0.063333,0,Low,0
124,0.063333,0,Low,0
810,0.063333,0,Low,1
538,0.063333,0,Low,1
1456,0.063333,0,Low,0
695,0.063333,0,Low,0
796,0.063333,0,Low,0
1198,0.063333,0,Low,0
1155,0.063333,0,Low,0
1448,0.063333,0,Low,0
558,0.063333,0,Low,0
1850,0.063333,0,Low,0
245,0.063333,0,Low,0
2239,0.063333,0,Low,0
2305,0.063333,0,Low,0
2265,0.063333,0,Low,0
1996,0.063333,0,Low,0
2003,0.063333,0,Low,0
371,0.06,0,Low,0
34,0.06,0,Low,0
2492,0.06,0,Low,0
182,0.06,0,Low,0
1043,0.06,0,Low,0
604,0.06,0,Low,0
1573,0.06,0,Low,0
85,0.06,0,Low,0
2300,0.06,0,Low,0
385,0.06,0,Low,0
1462,0.06,0,Low,0
1765,0.06,0,Low,0
1680,0.06,0,Low,0
579,0.06,0,Low,0
513,0.06,0,Low,0
1903,0.06,0,Low,0
813,0.06,0,Low,0
1746,0.06,0,Low,0
1530,0.06,0,Low,0
1439,0.06,0,Low,0
2121,0.06,0,Low,0
2028,0.06,0,Low,0
1434,0.06,0,Low,0
2009,0.06,0,Low,0
1353,0.06,0,Low,0
1059,0.06,0,Low,0
728,0.06,0,Low,0
995,0.056667,0,Low,0
1754,0.056667,0,Low,0
934,0.056667,0,Low,0
2194,0.056667,0,Low,0
28,0.056667,0,Low,0
1717,0.056667,0,Low,0
879,0.056667,0,Low,0
1402,0.056667,0,Low,0
396,0.056667,0,Low,0
687,0.056667,0,Low,0
288,0.056667,0,Low,0
471,0.056667,0,Low,0
315,0.056667,0,Low,0
255,0.056667,0,Low,0
53,0.056667,0,Low,0
1538,0.056667,0,Low,0
566,0.056667,0,Low,0
2040,0.056667,0,Low,0
341,0.056667,0,Low,0
1259,0.056667,0,Low,0
2353,0.056667,0,Low,0
825,0.056667,0,Low,0
1888,0.056667,0,Low,0
786,0.056667,0,Low,0
1196,0.056667,0,Low,0
347,0.056667,0,Low,0
282,0.056667,0,Low,0
2469,0.056667,0,Low,0
1424,0.056667,0,Low,0
527,0.056667,0,Low,0
455,0.056667,0,Low,0
2361,0.056667,0,Low,0
2209,0.056667,0,Low,0
1229,0.056667,0,Low,0
2095,0.056667,0,Low,0
1810,0.056667,0,Low,0
351,0.056667,0,Low,0
1455,0.053333,0,Low,0
4,0.053333,0,Low,0
636,0.053333,0,Low,0
1411,0.053333,0,Low,0
1574,0.053333,0,Low,0
1203,0.053333,0,Low,0
2423,0.053333,0,Low,0
1398,0.053333,0,Low,0
1284,0.053333,0,Low,0
1106,0.053333,0,Low,0
216,0.053333,0,Low,0
1314,0.053333,0,Low,0
2048,0.053333,0,Low,0
189,0.053333,0,Low,0
376,0.053333,0,Low,0
271,0.053333,0,Low,0
428,0.053333,0,Low,0
673,0.053333,0,Low,1
850,0.053333,0,Low,0
1901,0.053333,0,Low,0
1803,0.053333,0,Low,0
1821,0.05,0,Low,0
6,0.05,0,Low,0
16,0.05,0,Low,0
1783,0.05,0,Low,0
1586,0.05,0,Low,0
1580,0.05,0,Low,0
951,0.05,0,Low,0
1068,0.05,0,Low,0
2396,0.05,0,Low,0
2253,0.05,0,Low,0
1315,0.05,0,Low,0
1817,0.05,0,Low,0
801,0.05,0,Low,0
1526,0.05,0,Low,0
1436,0.05,0,Low,0
1047,0.05,0,Low,0
891,0.05,0,Low,0
827,0.05,0,Low,0
262,0.05,0,Low,0
1207,0.05,0,Low,0
1446,0.05,0,Low,0
1014,0.05,0,Low,0
1546,0.05,0,Low,0
1621,0.05,0,Low,0
2150,0.05,0,Low,0
1122,0.05,0,Low,0
2133,0.05,0,Low,0
257,0.05,0,Low,0
840,0.05,0,Low,0
110,0.05,0,Low,0
377,0.05,0,Low,0
381,0.05,0,Low,0
171,0.05,0,Low,0
2102,0.05,0,Low,0
1001,0.046667,0,Low,0
480,0.046667,0,Low,0
1960,0.046667,0,Low,0
447,0.046667,0,Low,0
266,0.046667,0,Low,0
128,0.046667,0,Low,0
1017,0.046667,0,Low,0
1675,0.046667,0,Low,0
2493,0.046667,0,Low,0
580,0.046667,0,Low,0
960,0.046667,0,Low,0
2427,0.046667,0,Low,0
622,0.046667,0,Low,0
1757,0.046667,0,Low,0
2099,0.046667,0,Low,0
1318,0.046667,0,Low,0
2367,0.046667,0,Low,0
1588,0.046667,0,Low,0
1857,0.046667,0,Low,0
2369,0.046667,0,Low,0
1896,0.046667,0,Low,0
2270,0.046667,0,Low,0
620,0.046667,0,Low,0
2167,0.046667,0,Low,0
2298,0.046667,0,Low,0
1594,0.046667,0,Low,0
134,0.043333,0,Low,0
1558,0.043333,0,Low,0
404,0.043333,0,Low,0
1565,0.043333,0,Low,0
1590,0.043333,0,Low,0
46,0.043333,0,Low,0
2038,0.043333,0,Low,0
2159,0.043333,0,Low,0
340,0.043333,0,Low,0
690,0.043333,0,Low,0
270,0.043333,0,Low,0
1107,0.043333,0,Low,0
2478,0.043333,0,Low,0
2127,0.043333,0,Low,0
32,0.043333,0,Low,0
2384,0.043333,0,Low,0
729,0.043333,0,Low,0
1958,0.043333,0,Low,0
1283,0.043333,0,Low,0
852,0.043333,0,Low,0
855,0.043333,0,Low,0
819,0.043333,0,Low,0
2385,0.043333,0,Low,0
1690,0.043333,0,Low,0
1153,0.043333,0,Low,0
1868,0.043333,0,Low,0
499,0.043333,0,Low,0
1199,0.043333,0,Low,0
479,0.043333,0,Low,0
505,0.043333,0,Low,0
445,0.043333,0,Low,0
439,0.043333,0,Low,0
74,0.043333,0,Low,0
1969,0.043333,0,Low,0
932,0.043333,0,Low,0
904,0.043333,0,Low,0
1520,0.043333,0,Low,0
1951,0.043333,0,Low,0
1964,0.043333,0,Low,0
1879,0.043333,0,Low,0
2313,0.043333,0,Low,0
551,0.043333,0,Low,0
554,0.04,0,Low,0
1995,0.04,0,Low,0
1365,0.04,0,Low,0
2312,0.04,0,Low,0
619,0.04,0,Low,0
1889,0.04,0,Low,0
1222,0.04,0,Low,0
1784,0.04,0,Low,0
2465,0.04,0,Low,0
2408,0.04,0,Low,0
1853,0.04,0,Low,0
2436,0.04,0,Low,0
1097,0.04,0,Low,0
912,0.04,0,Low,0
1597,0.04,0,Low,0
1600,0.04,0,Low,0
921,0.04,0,Low,0
1375,0.04,0,Low,0
548,0.04,0,Low,0
670,0.04,0,Low,0
307,0.04,0,Low,0
526,0.04,0,Low,0
1371,0.04,0,Low,0
830,0.04,0,Low,0
2475,0.04,0,Low,0
901,0.04,0,Low,0
174,0.04,0,Low,0
2096,0.04,0,Low,0
722,0.04,0,Low,0
1936,0.04,0,Low,0
27,0.04,0,Low,0
2063,0.04,0,Low,0
23,0.04,0,Low,0
2327,0.04,0,Low,0
1241,0.04,0,Low,0
1849,0.04,0,Low,0
212,0.04,0,Low,0
416,0.04,0,Low,0
1332,0.04,0,Low,0
715,0.04,0,Low,0
414,0.04,0,Low,0
497,0.04,0,Low,0
222,0.04,0,Low,0
1320,0.04,0,Low,0
1485,0.04,0,Low,0
180,0.04,0,Low,0
596,0.04,0,Low,0
1246,0.04,0,Low,0
1651,0.04,0,Low,0
2451,0.04,0,Low,0
286,0.04,0,Low,0
2391,0.04,0,Low,0
2175,0.036667,0,Low,0
56,0.036667,0,Low,0
2381,0.036667,0,Low,0
2161,0.036667,0,Low,0
2051,0.036667,0,Low,0
815,0.036667,0,Low,0
1210,0.036667,0,Low,0
2070,0.036667,0,Low,0
2435,0.036667,0,Low,0
112,0.036667,0,Low,0
1475,0.036667,0,Low,0
1135,0.036667,0,Low,0
1854,0.036667,0,Low,0
1959,0.036667,0,Low,0
2044,0.036667,0,Low,0
150,0.036667,0,Low,0
1174,0.036667,0,Low,0
1836,0.036667,0,Low,0
560,0.036667,0,Low,0
696,0.036667,0,Low,0
2439,0.036667,0,Low,0
1916,0.036667,0,Low,0
1386,0.036667,0,Low,0
2154,0.036667,0,Low,0
2355,0.036667,0,Low,0
1735,0.036667,0,Low,0
1734,0.036667,0,Low,0
1726,0.036667,0,Low,0
2141,0.036667,0,Low,0
721,0.036667,0,Low,1
613,0.036667,0,Low,0
1932,0.036667,0,Low,0
968,0.036667,0,Low,0
648,0.036667,0,Low,0
1778,0.036667,0,Low,0
981,0.036667,0,Low,0
607,0.036667,0,Low,0
1792,0.036667,0,Low,0
1935,0.036667,0,Low,0
2330,0.036667,0,Low,0
873,0.036667,0,Low,0
988,0.036667,0,Low,0
605,0.036667,0,Low,0
994,0.036667,0,Low,0
876,0.036667,0,Low,0
2276,0.036667,0,Low,0
712,0.036667,0,Low,0
1418,0.036667,0,Low,0
587,0.036667,0,Low,0
1372,0.036667,0,Low,0
1369,0.036667,0,Low,0
1303,0.036667,0,Low,0
2123,0.036667,0,Low,0
2272,0.036667,0,Low,0
1636,0.036667,0,Low,0
88,0.036667,0,Low,0
490,0.036667,0,Low,0
1818,0.036667,0,Low,0
2025,0.036667,0,Low,0
1759,0.036667,0,Low,0
1639,0.036667,0,Low,0
1087,0.036667,0,Low,0
1640,0.036667,0,Low,0
1381,0.036667,0,Low,0
2268,0.036667,0,Low,0
883,0.033333,0,Low,0
909,0.033333,0,Low,0
430,0.033333,0,Low,0
1773,0.033333,0,Low,0
2323,0.033333,0,Low,0
1244,0.033333,0,Low,0
2434,0.033333,0,Low,0
1744,0.033333,0,Low,0
1790,0.033333,0,Low,0
1788,0.033333,0,Low,0
1235,0.033333,0,Low,0
1781,0.033333,0,Low,0
1721,0.033333,0,Low,0
501,0.033333,0,Low,0
2296,0.033333,0,Low,0
1864,0.033333,0,Low,0
1972,0.033333,0,Low,0
954,0.033333,0,Low,0
623,0.033333,0,Low,0
1489,0.033333,0,Low,0
460,0.033333,0,Low,0
2456,0.033333,0,Low,0
845,0.033333,0,Low,0
603,0.033333,0,Low,0
572,0.033333,0,Low,0
1329,0.033333,0,Low,0
2036,0.033333,0,Low,0
1337,0.033333,0,Low,0
2266,0.033333,0,Low,0
1023,0.033333,0,Low,0
1015,0.033333,0,Low,0
2197,0.033333,0,Low,0
1306,0.033333,0,Low,0
1915,0.033333,0,Low,0
2335,0.033333,0,Low,0
1342,0.033333,0,Low,0
817,0.033333,0,Low,0
1429,0.033333,0,Low,0
117,0.033333,0,Low,0
1693,0.033333,0,Low,0
1578,0.033333,0,Low,0
1613,0.033333,0,Low,0
1007,0.033333,0,Low,0
1460,0.033333,0,Low,0
2185,0.03,0,Low,0
1893,0.03,0,Low,0
1890,0.03,0,Low,0
2499,0.03,0,Low,0
1299,0.03,0,Low,0
793,0.03,0,Low,0
759,0.03,0,Low,0
38,0.03,0,Low,0
2479,0.03,0,Low,0
2072,0.03,0,Low,0
701,0.03,0,Low,0
1878,0.03,0,Low,0
496,0.03,0,Low,0
393,0.03,0,Low,0
2200,0.03,0,Low,0
1335,0.03,0,Low,0
25,0.03,0,Low,0
1449,0.03,0,Low,0
783,0.03,0,Low,0
1382,0.03,0,Low,0
771,0.03,0,Low,0
1457,0.03,0,Low,0
772,0.03,0,Low,0
1297,0.03,0,Low,0
535,0.03,0,Low,0
1352,0.03,0,Low,0
774,0.03,0,Low,0
2449,0.03,0,Low,0
2117,0.03,0,Low,0
1686,0.03,0,Low,0
1175,0.03,0,Low,0
902,0.03,0,Low,0
627,0.03,0,Low,0
812,0.03,0,Low,0
643,0.03,0,Low,0
1069,0.03,0,Low,0
2411,0.03,0,Low,0
2409,0.03,0,Low,0
2407,0.03,0,Low,0
2403,0.03,0,Low,0
1983,0.03,0,Low,0
1074,0.03,0,Low,0
1633,0.03,0,Low,0
440,0.03,0,Low,0
1769,0.03,0,Low,0
1842,0.03,0,Low,0
165,0.03,0,Low,0
877,0.03,0,Low,0
2399,0.03,0,Low,0
1627,0.03,0,Low,0
2288,0.03,0,Low,0
2387,0.03,0,Low,0
562,0.03,0,Low,0
2363,0.03,0,Low,0
148,0.03,0,Low,0
1024,0.03,0,Low,0
1659,0.03,0,Low,0
1195,0.03,0,Low,0
1517,0.03,0,Low,0
630,0.03,0,Low,0
1656,0.03,0,Low,0
2433,0.03,0,Low,0
105,0.03,0,Low,0
2016,0.03,0,Low,0
1183,0.03,0,Low,0
451,0.03,0,Low,0
1006,0.03,0,Low,0
1695,0.03,0,Low,0
668,0.03,0,Low,0
2277,0.03,0,Low,0
609,0.026667,0,Low,0
291,0.026667,0,Low,0
744,0.026667,0,Low,0
2337,0.026667,0,Low,0
1109,0.026667,0,Low,0
2211,0.026667,0,Low,0
979,0.026667,0,Low,0
1829,0.026667,0,Low,0
2183,0.026667,0,Low,0
1591,0.026667,0,Low,0
218,0.026667,0,Low,0
1510,0.026667,0,Low,0
1671,0.026667,0,Low,0
1826,0.026667,0,Low,0
1814,0.026667,0,Low,0
872,0.026667,0,Low,0
1909,0.026667,0,Low,0
1049,0.026667,0,Low,0
996,0.026667,0,Low,0
2193,0.026667,0,Low,0
2128,0.026667,0,Low,0
853,0.026667,0,Low,0
1417,0.026667,0,Low,0
464,0.026667,0,Low,0
1808,0.026667,0,Low,0
214,0.026667,0,Low,0
1313,0.026667,0,Low,0
175,0.026667,0,Low,0
699,0.026667,0,Low,0
1072,0.026667,0,Low,0
1904,0.026667,0,Low,0
2329,0.026667,0,Low,0
2380,0.026667,0,Low,0
1286,0.026667,0,Low,0
1543,0.026667,0,Low,0
1119,0.026667,0,Low,0
777,0.026667,0,Low,0
1876,0.026667,0,Low,0
73,0.026667,0,Low,0
811,0.026667,0,Low,0
1537,0.026667,0,Low,0
1533,0.026667,0,Low,0
925,0.026667,0,Low,0
1869,0.026667,0,Low,0
1181,0.026667,0,Low,0
924,0.026667,0,Low,0
106,0.026667,0,Low,0
1186,0.026667,0,Low,0
2251,0.026667,0,Low,0
2261,0.026667,0,Low,0
2259,0.026667,0,Low,0
316,0.026667,0,Low,0
101,0.026667,0,Low,0
1494,0.026667,0,Low,0
87,0.026667,0,Low,0
1511,0.026667,0,Low,0
244,0.026667,0,Low,0
1465,0.026667,0,Low,0
2104,0.026667,0,Low,0
2316,0.026667,0,Low,0
293,0.026667,0,Low,0
137,0.026667,0,Low,0
509,0.026667,0,Low,0
401,0.026667,0,Low,0
1712,0.026667,0,Low,0
2495,0.026667,0,Low,0
54,0.026667,0,Low,0
666,0.026667,0,Low,0
2177,0.026667,0,Low,0
331,0.026667,0,Low,0
2461,0.026667,0,Low,0
1454,0.026667,0,Low,0
1148,0.026667,0,Low,0
484,0.026667,0,Low,0
2459,0.026667,0,Low,0
975,0.026667,0,Low,0
1775,0.023333,0,Low,0
2289,0.023333,0,Low,0
1955,0.023333,0,Low,0
1802,0.023333,0,Low,0
2153,0.023333,0,Low,0
2303,0.023333,0,Low,0
2137,0.023333,0,Low,0
1401,0.023333,0,Low,0
1747,0.023333,0,Low,0
1504,0.023333,0,Low,0
2347,0.023333,0,Low,0
1571,0.023333,0,Low,0
1444,0.023333,0,Low,0
2397,0.023333,0,Low,0
1568,0.023333,0,Low,0
1555,0.023333,0,Low,0
2460,0.023333,0,Low,0
2414,0.023333,0,Low,0
1843,0.023333,0,Low,0
2064,0.023333,0,Low,0
1473,0.023333,0,Low,0
1974,0.023333,0,Low,0
2452,0.023333,0,Low,0
2047,0.023333,0,Low,0
2170,0.023333,0,Low,0
1484,0.023333,0,Low,0
2049,0.023333,0,Low,0
2071,0.023333,0,Low,0
2118,0.023333,0,Low,0
1679,0.023333,0,Low,0
2178,0.023333,0,Low,0
2348,0.023333,0,Low,0
2155,0.023333,0,Low,0
2199,0.023333,0,Low,0
1926,0.023333,0,Low,0
2180,0.023333,0,Low,0
1986,0.023333,0,Low,0
2129,0.023333,0,Low,0
1908,0.023333,0,Low,0
1902,0.023333,0,Low,0
1628,0.023333,0,Low,0
2210,0.023333,0,Low,0
2124,0.023333,0,Low,0
2374,0.023333,0,Low,0
1897,0.023333,0,Low,0
1834,0.023333,0,Low,0
1771,0.023333,0,Low,0
1,0.023333,0,Low,0
454,0.023333,0,Low,0
788,0.023333,0,Low,0
1236,0.023333,0,Low,0
1319,0.023333,0,Low,0
1311,0.023333,0,Low,0
346,0.023333,0,Low,0
183,0.023333,0,Low,0
37,0.023333,0,Low,0
727,0.023333,0,Low,0
730,0.023333,0,Low,0
1048,0.023333,0,Low,0
773,0.023333,0,Low,0
314,0.023333,0,Low,0
199,0.023333,0,Low,0
1032,0.023333,0,Low,0
354,0.023333,0,Low,0
1021,0.023333,0,Low,0
1280,0.023333,0,Low,0
278,0.023333,0,Low,0
277,0.023333,0,Low,0
973,0.023333,0,Low,0
860,0.023333,0,Low,0
944,0.023333,0,Low,0
1260,0.023333,0,Low,0
889,0.023333,0,Low,0
892,0.023333,0,Low,0
1269,0.023333,0,Low,0
67,0.023333,0,Low,0
698,0.023333,0,Low,0
1317,0.023333,0,Low,0
516,0.023333,0,Low,0
477,0.023333,0,Low,0
523,0.023333,0,Low,0
542,0.023333,0,Low,0
1349,0.023333,0,Low,0
127,0.023333,0,Low,0
395,0.023333,0,Low,0
614,0.023333,0,Low,0
633,0.023333,0,Low,0
483,0.023333,0,Low,0
7,0.023333,0,Low,0
136,0.023333,0,Low,0
458,0.023333,0,Low,0
448,0.023333,0,Low,0
2419,0.02,0,Low,0
2406,0.02,0,Low,0
1704,0.02,0,Low,0
2319,0.02,0,Low,0
1527,0.02,0,Low,0
1205,0.02,0,Low,0
2309,0.02,0,Low,0
121,0.02,0,Low,0
115,0.02,0,Low,0
938,0.02,0,Low,0
1723,0.02,0,Low,0
1700,0.02,0,Low,0
224,0.02,0,Low,0
138,0.02,0,Low,0
1698,0.02,0,Low,0
1623,0.02,0,Low,0
149,0.02,0,Low,0
2377,0.02,0,Low,0
1134,0.02,0,Low,0
1139,0.02,0,Low,0
1083,0.02,0,Low,0
258,0.02,0,Low,0
1146,0.02,0,Low,0
2398,0.02,0,Low,0
1011,0.02,0,Low,0
1548,0.02,0,Low,0
194,0.02,0,Low,0
1050,0.02,0,Low,0
1161,0.02,0,Low,0
1583,0.02,0,Low,0
1162,0.02,0,Low,0
215,0.02,0,Low,0
1755,0.02,0,Low,0
821,0.02,0,Low,0
917,0.02,0,Low,0
706,0.02,0,Low,0
1952,0.02,0,Low,0
1953,0.02,0,Low,0
1957,0.02,0,Low,0
672,0.02,0,Low,0
1975,0.02,0,Low,0
363,0.02,0,Low,0
650,0.02,0,Low,0
646,0.02,0,Low,0
599,0.02,0,Low,0
592,0.02,0,Low,0
2168,0.02,0,Low,0
2165,0.02,0,Low,0
2084,0.02,0,Low,0
511,0.02,0,Low,0
494,0.02,0,Low,0
2146,0.02,0,Low,0
441,0.02,0,Low,0
469,0.02,0,Low,0
2134,0.02,0,Low,0
2215,0.02,0,Low,0
713,0.02,0,Low,0
1780,0.02,0,Low,0
723,0.02,0,Low,0
886,0.02,0,Low,0
1789,0.02,0,Low,0
870,0.02,0,Low,0
1805,0.02,0,Low,0
273,0.02,0,Low,0
843,0.02,0,Low,0
823,0.02,0,Low,0
1212,0.02,0,Low,0
2273,0.02,0,Low,0
281,0.02,0,Low,0
816,0.02,0,Low,0
284,0.02,0,Low,0
807,0.02,0,Low,0
2263,0.02,0,Low,0
2262,0.02,0,Low,0
780,0.02,0,Low,0
319,0.02,0,Low,0
327,0.02,0,Low,0
747,0.02,0,Low,0
2420,0.02,0,Low,0
2500,0.02,0,Low,0
253,0.02,0,Low,0
1498,0.02,0,Low,0
1256,0.02,0,Low,0
1356,0.02,0,Low,0
1302,0.02,0,Low,0
29,0.02,0,Low,0
1461,0.02,0,Low,0
1408,0.02,0,Low,0
1472,0.02,0,Low,0
1405,0.02,0,Low,0
36,0.02,0,Low,0
1218,0.02,0,Low,0
1438,0.02,0,Low,0
2428,0.02,0,Low,0
2429,0.02,0,Low,0
1085,0.016667,0,Low,0
1607,0.016667,0,Low,0
2045,0.016667,0,Low,0
1967,0.016667,0,Low,0
1963,0.016667,0,Low,0
1469,0.016667,0,Low,0
1962,0.016667,0,Low,0
2212,0.016667,0,Low,0
2379,0.016667,0,Low,0
2488,0.016667,0,Low,0
697,0.016667,0,Low,0
1713,0.016667,0,Low,0
977,0.016667,0,Low,0
154,0.016667,0,Low,0
1324,0.016667,0,Low,0
707,0.016667,0,Low,0
370,0.016667,0,Low,0
563,0.016667,0,Low,0
2190,0.016667,0,Low,0
2350,0.016667,0,Low,0
1617,0.016667,0,Low,0
178,0.016667,0,Low,0
594,0.016667,0,Low,0
1073,0.016667,0,Low,0
1065,0.016667,0,Low,0
597,0.016667,0,Low,0
1344,0.016667,0,Low,0
601,0.016667,0,Low,0
1338,0.016667,0,Low,0
2014,0.016667,0,Low,0
1046,0.016667,0,Low,0
2342,0.016667,0,Low,0
399,0.016667,0,Low,0
615,0.016667,0,Low,0
634,0.016667,0,Low,0
837,0.016667,0,Low,0
711,0.016667,0,Low,0
958,0.016667,0,Low,0
75,0.016667,0,Low,0
790,0.016667,0,Low,0
1451,0.016667,0,Low,0
269,0.016667,0,Low,0
1793,0.016667,0,Low,0
1865,0.016667,0,Low,0
1293,0.016667,0,Low,0
880,0.016667,0,Low,0
1863,0.016667,0,Low,1
874,0.016667,0,Low,0
1858,0.016667,0,Low,0
1933,0.016667,0,Low,0
802,0.016667,0,Low,0
1804,0.016667,0,Low,0
805,0.016667,0,Low,0
809,0.016667,0,Low,0
2280,0.016667,0,Low,0
1820,0.016667,0,Low,0
1831,0.016667,0,Low,0
839,0.016667,0,Low,0
1871,0.016667,0,Low,0
895,0.016667,0,Low,0
1873,0.016667,0,Low,0
1874,0.016667,0,Low,0
2221,0.016667,0,Low,0
1602,0.016667,0,Low,0
1308,0.016667,0,Low,0
955,0.016667,0,Low,0
2307,0.016667,0,Low,0
240,0.016667,0,Low,0
731,0.016667,0,Low,0
936,0.016667,0,Low,0
1750,0.016667,0,Low,0
2235,0.016667,0,Low,0
739,0.016667,0,Low,0
2237,0.016667,0,Low,0
1899,0.016667,0,Low,0
1766,0.016667,0,Low,0
1427,0.016667,0,Low,0
2474,0.016667,0,Low,0
1430,0.016667,0,Low,0
553,0.016667,0,Low,0
1997,0.016667,0,Low,0
1223,0.016667,0,Low,0
407,0.016667,0,Low,0
113,0.016667,0,Low,0
2119,0.016667,0,Low,0
2086,0.016667,0,Low,0
1144,0.016667,0,Low,0
1522,0.016667,0,Low,0
2059,0.016667,0,Low,0
1130,0.016667,0,Low,0
1554,0.016667,0,Low,0
2389,0.016667,0,Low,0
126,0.016667,0,Low,0
2089,0.016667,0,Low,0
498,0.016667,0,Low,0
1490,0.016667,0,Low,0
139,0.016667,0,Low,0
123,0.016667,0,Low,0
2112,0.016667,0,Low,0
1123,0.016667,0,Low,0
1559,0.016667,0,Low,0
530,0.016667,0,Low,0
2418,0.016667,0,Low,0
442,0.016667,0,Low,0
9,0.016667,0,Low,0
20,0.016667,0,Low,0
2055,0.016667,0,Low,0
1099,0.016667,0,Low,0
2097,0.016667,0,Low,0
1598,0.016667,0,Low,0
1140,0.016667,0,Low,0
1513,0.016667,0,Low,0
1164,0.016667,0,Low,0
2078,0.016667,0,Low,0
547,0.016667,0,Low,0
2148,0.013333,0,Low,0
335,0.013333,0,Low,0
40,0.013333,0,Low,0
1922,0.013333,0,Low,0
437,0.013333,0,Low,0
1156,0.013333,0,Low,0
11,0.013333,0,Low,0
1599,0.013333,0,Low,0
2092,0.013333,0,Low,0
959,0.013333,0,Low,0
963,0.013333,0,Low,0
714,0.013333,0,Low,0
1261,0.013333,0,Low,0
969,0.013333,0,Low,0
1380,0.013333,0,Low,0
2085,0.013333,0,Low,0
2213,0.013333,0,Low,0
2080,0.013333,0,Low,0
1252,0.013333,0,Low,0
1328,0.013333,0,Low,0
349,0.013333,0,Low,0
1467,0.013333,0,Low,0
1566,0.013333,0,Low,0
1921,0.013333,0,Low,0
1762,0.013333,0,Low,0
2140,0.013333,0,Low,0
1910,0.013333,0,Low,0
120,0.013333,0,Low,0
1383,0.013333,0,Low,0
1187,0.013333,0,Low,0
1189,0.013333,0,Low,0
5,0.013333,0,Low,0
1447,0.013333,0,Low,0
868,0.013333,0,Low,0
862,0.013333,0,Low,0
2416,0.013333,0,Low,0
1838,0.013333,0,Low,0
1278,0.013333,0,Low,0
279,0.013333,0,Low,0
849,0.013333,0,Low,0
100,0.013333,0,Low,0
276,0.013333,0,Low,0
272,0.013333,0,Low,0
1497,0.013333,0,Low,0
2458,0.013333,0,Low,0
263,0.013333,0,Low,0
2236,0.013333,0,Low,0
1165,0.013333,0,Low,0
746,0.013333,0,Low,0
1900,0.013333,0,Low,0
926,0.013333,0,Low,0
420,0.013333,0,Low,0
916,0.013333,0,Low,0
1450,0.013333,0,Low,0
915,0.013333,0,Low,0
475,0.013333,0,Low,0
1362,0.013333,0,Low,0
1180,0.013333,0,Low,0
303,0.013333,0,Low,0
1867,0.013333,0,Low,0
676,0.013333,0,Low,0
834,0.013333,0,Low,0
1232,0.013333,0,Low,0
2345,0.013333,0,Low,0
2164,0.013333,0,Low,0
1673,0.013333,0,Low,0
1619,0.013333,0,Low,0
1672,0.013333,0,Low,0
573,0.013333,0,Low,0
2067,0.013333,0,Low,0
1409,0.013333,0,Low,0
1991,0.013333,0,Low,0
1113,0.013333,0,Low,0
1131,0.013333,0,Low,0
644,0.013333,0,Low,0
2035,0.013333,0,Low,0
1029,0.013333,0,Low,0
1129,0.013333,0,Low,0
2189,0.013333,0,Low,0
173,0.013333,0,Low,0
1660,0.013333,0,Low,0
616,0.013333,0,Low,0
1128,0.013333,0,Low,0
2442,0.013333,0,Low,0
177,0.013333,0,Low,0
413,0.013333,0,Low,0
1655,0.013333,0,Low,0
2184,0.013333,0,Low,0
2029,0.013333,0,Low,0
2343,0.013333,0,Low,0
1039,0.013333,0,Low,0
1240,0.013333,0,Low,0
524,0.013333,0,Low,0
369,0.013333,0,Low,0
2046,0.013333,0,Low,0
1601,0.013333,0,Low,0
1092,0.013333,0,Low,0
2354,0.013333,0,Low,0
193,0.013333,0,Low,0
1247,0.013333,0,Low,0
1687,0.013333,0,Low,0
2017,0.013333,0,Low,0
1013,0.013333,0,Low,0
2061,0.013333,0,Low,0
1984,0.013333,0,Low,0
156,0.013333,0,Low,0
1331,0.013333,0,Low,0
2205,0.013333,0,Low,0
595,0.013333,0,Low,0
1114,0.013333,0,Low,0
1978,0.013333,0,Low,0
2204,0.013333,0,Low,0
1137,0.013333,0,Low,0
2026,0.013333,0,Low,0
1051,0.013333,0,Low,0
570,0.013333,0,Low,0
2344,0.013333,0,Low,0
2020,0.01,0,Low,0
1866,0.01,0,Low,0
591,0.01,0,Low,0
2113,0.01,0,Low,0
444,0.01,0,Low,0
313,0.01,0,Low,0
675,0.01,0,Low,0
383,0.01,0,Low,0
2256,0.01,0,Low,0
2130,0.01,0,Low,0
832,0.01,0,Low,0
403,0.01,0,Low,0
1833,0.01,0,Low,0
2126,0.01,0,Low,0
2489,0.01,0,Low,0
2053,0.01,0,Low,0
561,0.01,0,Low,0
50,0.01,0,Low,0
1844,0.01,0,Low,0
452,0.01,0,Low,0
569,0.01,0,Low,0
1846,0.01,0,Low,0
571,0.01,0,Low,0
298,0.01,0,Low,0
462,0.01,0,Low,0
2470,0.01,0,Low,0
463,0.01,0,Low,0
411,0.01,0,Low,0
472,0.01,0,Low,0
763,0.01,0,Low,0
720,0.01,0,Low,0
1934,0.01,0,Low,0
716,0.01,0,Low,0
433,0.01,0,Low,0
1981,0.01,0,Low,0
1406,0.01,0,Low,0
2219,0.01,0,Low,0
662,0.01,0,Low,0
1325,0.01,0,Low,0
2050,0.01,0,Low,0
18,0.01,0,Low,0
667,0.01,0,Low,0
520,0.01,0,Low,0
689,0.01,0,Low,0
681,0.01,0,Low,0
1394,0.01,0,Low,0
679,0.01,0,Low,0
350,0.01,0,Low,0
1971,0.01,0,Low,0
1970,0.01,0,Low,0
674,0.01,0,Low,0
1990,0.01,0,Low,0
2091,0.01,0,Low,0
345,0.01,0,Low,0
2240,0.01,0,Low,0
758,0.01,0,Low,0
2249,0.01,0,Low,0
324,0.01,0,Low,0
1892,0.01,0,Low,0
600,0.01,0,Low,0
2247,0.01,0,Low,0
2241,0.01,0,Low,0
2138,0.01,0,Low,0
1354,0.01,0,Low,0
2010,0.01,0,Low,0
417,0.01,0,Low,0
328,0.01,0,Low,0
611,0.01,0,Low,0
332,0.01,0,Low,0
2230,0.01,0,Low,0
1388,0.01,0,Low,0
22,0.01,0,Low,0
374,0.01,0,Low,0
2224,0.01,0,Low,0
1927,0.01,0,Low,0
30,0.01,0,Low,0
2425,0.01,0,Low,0
1019,0.01,0,Low,0
1579,0.01,0,Low,0
2332,0.01,0,Low,0
1118,0.01,0,Low,0
1265,0.01,0,Low,0
1254,0.01,0,Low,0
1763,0.01,0,Low,0
260,0.01,0,Low,0
1267,0.01,0,Low,0
2315,0.01,0,Low,0
914,0.01,0,Low,0
2438,0.01,0,Low,0
78,0.01,0,Low,0
1126,0.01,0,Low,0
1486,0.01,0,Low,0
903,0.01,0,Low,0
1570,0.01,0,Low,0
2341,0.01,0,Low,0
2362,0.01,0,Low,0
1777,0.01,0,Low,0
2292,0.01,0,Low,0
2393,0.01,0,Low,0
1100,0.01,0,Low,0
2443,0.01,0,Low,0
1478,0.01,0,Low,0
92,0.01,0,Low,0
1081,0.01,0,Low,0
1727,0.01,0,Low,0
956,0.01,0,Low,0
1082,0.01,0,Low,0
952,0.01,0,Low,0
2360,0.01,0,Low,0
1620,0.01,0,Low,0
943,0.01,0,Low,0
163,0.01,0,Low,0
241,0.01,0,Low,0
242,0.01,0,Low,0
2371,0.01,0,Low,0
248,0.01,0,Low,0
158,0.01,0,Low,0
91,0.01,0,Low,0
155,0.01,0,Low,0
151,0.01,0,Low,0
967,0.01,0,Low,0
1632,0.01,0,Low,0
1268,0.01,0,Low,0
1563,0.01,0,Low,0
1667,0.01,0,Low,0
2336,0.01,0,Low,0
2283,0.01,0,Low,0
217,0.01,0,Low,0
1166,0.01,0,Low,0
2324,0.01,0,Low,0
1694,0.01,0,Low,0
1005,0.01,0,Low,0
1028,0.01,0,Low,0
1274,0.01,0,Low,0
1531,0.01,0,Low,0
1010,0.01,0,Low,0
993,0.01,0,Low,0
2431,0.01,0,Low,0
1027,0.01,0,Low,0
856,0.01,0,Low,0
2424,0.01,0,Low,0
114,0.01,0,Low,0
1682,0.01,0,Low,0
846,0.01,0,Low,0
2421,0.01,0,Low,0
58,0.01,0,Low,0
1221,0.01,0,Low,0
231,0.01,0,Low,0
133,0.01,0,Low,0
1551,0.01,0,Low,0
1664,0.01,0,Low,0
97,0.01,0,Low,0
885,0.01,0,Low,0
888,0.01,0,Low,0
1701,0.01,0,Low,0
1154,0.01,0,Low,0
1147,0.01,0,Low,0
62,0.01,0,Low,0
1797,0.01,0,Low,0
1674,0.006667,0,Low,0
179,0.006667,0,Low,0
1054,0.006667,0,Low,0
657,0.006667,0,Low,0
82,0.006667,0,Low,0
1400,0.006667,0,Low,0
659,0.006667,0,Low,0
625,0.006667,0,Low,0
2006,0.006667,0,Low,0
1662,0.006667,0,Low,0
1989,0.006667,0,Low,0
198,0.006667,0,Low,0
593,0.006667,0,Low,0
1045,0.006667,0,Low,0
602,0.006667,0,Low,0
1403,0.006667,0,Low,0
200,0.006667,0,Low,0
637,0.006667,0,Low,0
2012,0.006667,0,Low,0
624,0.006667,0,Low,0
2351,0.006667,0,Low,0
1661,0.006667,0,Low,0
838,0.006667,0,Low,0
584,0.006667,0,Low,0
1079,0.006667,0,Low,0
2149,0.006667,0,Low,0
1152,0.006667,0,Low,0
99,0.006667,0,Low,0
1160,0.006667,0,Low,0
489,0.006667,0,Low,0
2144,0.006667,0,Low,0
1387,0.006667,0,Low,0
1540,0.006667,0,Low,0
1535,0.006667,0,Low,0
2108,0.006667,0,Low,0
2405,0.006667,0,Low,0
1170,0.006667,0,Low,0
1532,0.006667,0,Low,0
1172,0.006667,0,Low,0
2135,0.006667,0,Low,0
468,0.006667,0,Low,0
466,0.006667,0,Low,0
1523,0.006667,0,Low,0
2410,0.006667,0,Low,0
3,0.006667,0,Low,0
1499,0.006667,0,Low,0
1143,0.006667,0,Low,0
2394,0.006667,0,Low,0
429,0.006667,0,Low,0
1581,0.006667,0,Low,0
2181,0.006667,0,Low,0
581,0.006667,0,Low,0
164,0.006667,0,Low,0
2171,0.006667,0,Low,0
1610,0.006667,0,Low,0
1091,0.006667,0,Low,0
1093,0.006667,0,Low,0
2386,0.006667,0,Low,0
2056,0.006667,0,Low,0
541,0.006667,0,Low,0
424,0.006667,0,Low,0
2163,0.006667,0,Low,0
405,0.006667,0,Low,0
1124,0.006667,0,Low,0
1132,0.006667,0,Low,0
532,0.006667,0,Low,0
529,0.006667,0,Low,0
94,0.006667,0,Low,0
1567,0.006667,0,Low,0
1141,0.006667,0,Low,0
2060,0.006667,0,Low,0
206,0.006667,0,Low,0
275,0.006667,0,Low,0
957,0.006667,0,Low,0
254,0.006667,0,Low,0
740,0.006667,0,Low,0
1828,0.006667,0,Low,0
2238,0.006667,0,Low,0
930,0.006667,0,Low,0
1756,0.006667,0,Low,0
2457,0.006667,0,Low,0
1912,0.006667,0,Low,0
1914,0.006667,0,Low,0
2231,0.006667,0,Low,0
1918,0.006667,0,Low,0
2472,0.006667,0,Low,0
2284,0.006667,0,Low,0
1920,0.006667,0,Low,0
939,0.006667,0,Low,0
1801,0.006667,0,Low,0
947,0.006667,0,Low,0
296,0.006667,0,Low,0
948,0.006667,0,Low,0
953,0.006667,0,Low,0
1270,0.006667,0,Low,0
1795,0.006667,0,Low,0
881,0.006667,0,Low,0
742,0.006667,0,Low,1
761,0.006667,0,Low,0
301,0.006667,0,Low,0
2290,0.006667,0,Low,0
2291,0.006667,0,Low,0
43,0.006667,0,Low,0
2254,0.006667,0,Low,0
768,0.006667,0,Low,0
766,0.006667,0,Low,0
264,0.006667,0,Low,0
1787,0.006667,0,Low,0
2294,0.006667,0,Low,0
743,0.006667,0,Low,0
757,0.006667,0,Low,0
755,0.006667,0,Low,0
906,0.006667,0,Low,0
913,0.006667,0,Low,0
1768,0.006667,0,Low,0
325,0.006667,0,Low,0
2476,0.006667,0,Low,0
42,0.006667,0,Low,0
1760,0.006667,0,Low,0
800,0.006667,0,Low,0
1870,0.006667,0,Low,0
1412,0.006667,0,Low,0
1249,0.006667,0,Low,0
859,0.006667,0,Low,0
227,0.006667,0,Low,0
1016,0.006667,0,Low,0
982,0.006667,0,Low,0
857,0.006667,0,Low,0
348,0.006667,0,Low,0
983,0.006667,0,Low,0
985,0.006667,0,Low,0
1703,0.006667,0,Low,0
2462,0.006667,0,Low,0
1440,0.006667,0,Low,0
1248,0.006667,0,Low,0
992,0.006667,0,Low,0
1839,0.006667,0,Low,0
822,0.006667,0,Low,0
851,0.006667,0,Low,0
2206,0.006667,0,Low,0
1008,0.006667,0,Low,0
978,0.006667,0,Low,0
2467,0.006667,0,Low,0
1806,0.006667,0,Low,0
863,0.006667,0,Low,0
961,0.006667,0,Low,0
718,0.006667,0,Low,0
229,0.006667,0,Low,0
964,0.006667,0,Low,0
965,0.006667,0,Low,0
2314,0.006667,0,Low,0
285,0.006667,0,Low,0
2269,0.006667,0,Low,0
972,0.006667,0,Low,0
831,0.006667,0,Low,0
1290,0.006667,0,Low,0
976,0.006667,0,Low,0
2468,0.006667,0,Low,0
2279,0.006667,0,Low,0
2463,0.003333,0,Low,0
2417,0.003333,0,Low,0
51,0.003333,0,Low,0
109,0.003333,0,Low,0
446,0.003333,0,Low,0
12,0.003333,0,Low,0
2432,0.003333,0,Low,0
118,0.003333,0,Low,0
294,0.003333,0,Low,0
131,0.003333,0,Low,0
2285,0.003333,0,Low,0
98,0.003333,0,Low,0
2271,0.003333,0,Low,0
2401,0.003333,0,Low,0
300,0.003333,0,Low,0
2143,0.003333,0,Low,0
205,0.003333,0,Low,0
310,0.003333,0,Low,0
2491,0.003333,0,Low,0
197,0.003333,0,Low,0
86,0.003333,0,Low,0
380,0.003333,0,Low,0
2216,0.003333,0,Low,0
2214,0.003333,0,Low,0
228,0.003333,0,Low,0
2318,0.003333,0,Low,0
2339,0.003333,0,Low,0
2338,0.003333,0,Low,0
352,0.003333,0,Low,0
2325,0.003333,0,Low,0
2191,0.003333,0,Low,0
2326,0.003333,0,Low,0
76,0.003333,0,Low,0
2196,0.003333,0,Low,0
201,0.003333,0,Low,0
364,0.003333,0,Low,0
204,0.003333,0,Low,0
211,0.003333,0,Low,0
2352,0.003333,0,Low,0
2482,0.003333,0,Low,0
187,0.003333,0,Low,0
2233,0.003333,0,Low,0
265,0.003333,0,Low,0
418,0.003333,0,Low,0
320,0.003333,0,Low,0
141,0.003333,0,Low,0
142,0.003333,0,Low,0
2166,0.003333,0,Low,0
453,0.003333,0,Low,0
251,0.003333,0,Low,0
159,0.003333,0,Low,0
2220,0.003333,0,Low,0
2172,0.003333,0,Low,0
2173,0.003333,0,Low,0
167,0.003333,0,Low,0
89,0.003333,0,Low,0
344,0.003333,0,Low,0
384,0.003333,0,Low,0
236,0.003333,0,Low,0
235,0.003333,0,Low,0
143,0.003333,0,Low,0
1940,0.003333,0,Low,0
1714,0.003333,0,Low,0
1206,0.003333,0,Low,0
1508,0.003333,0,Low,0
1872,0.003333,0,Low,0
782,0.003333,0,Low,0
784,0.003333,0,Low,0
1861,0.003333,0,Low,0
797,0.003333,0,Low,0
798,0.003333,0,Low,0
1209,0.003333,0,Low,0
803,0.003333,0,Low,0
1851,0.003333,0,Low,0
1231,0.003333,0,Low,0
1515,0.003333,0,Low,0
808,0.003333,0,Low,0
1192,0.003333,0,Low,0
824,0.003333,0,Low,0
1832,0.003333,0,Low,0
1825,0.003333,0,Low,0
842,0.003333,0,Low,0
847,0.003333,0,Low,0
848,0.003333,0,Low,0
778,0.003333,0,Low,0
776,0.003333,0,Low,0
1507,0.003333,0,Low,0
1505,0.003333,0,Low,0
1925,0.003333,0,Low,0
1923,0.003333,0,Low,0
1224,0.003333,0,Low,0
734,0.003333,0,Low,0
737,0.003333,0,Low,0
1913,0.003333,0,Low,0
1219,0.003333,0,Low,0
1217,0.003333,0,Low,0
1216,0.003333,0,Low,0
1907,0.003333,0,Low,0
1501,0.003333,0,Low,0
741,0.003333,0,Low,0
751,0.003333,0,Low,0
1213,0.003333,0,Low,0
1894,0.003333,0,Low,0
752,0.003333,0,Low,0
754,0.003333,0,Low,0
1884,0.003333,0,Low,0
1883,0.003333,0,Low,0
1524,0.003333,0,Low,0
869,0.003333,0,Low,0
871,0.003333,0,Low,0
987,0.003333,0,Low,0
1000,0.003333,0,Low,0
1009,0.003333,0,Low,0
1684,0.003333,0,Low,0
1683,0.003333,0,Low,0
1018,0.003333,0,Low,0
1678,0.003333,0,Low,0
1676,0.003333,0,Low,0
1605,0.003333,0,Low,0
1608,0.003333,0,Low,0
1609,0.003333,0,Low,0
1658,0.003333,0,Low,0
1033,0.003333,0,Low,0
1611,0.003333,0,Low,0
1088,0.003333,0,Low,0
1044,0.003333,0,Low,0
1086,0.003333,0,Low,0
1642,0.003333,0,Low,0
1622,0.003333,0,Low,0
1624,0.003333,0,Low,0
999,0.003333,0,Low,0
1098,0.003333,0,Low,0
1177,0.003333,0,Low,0
1592,0.003333,0,Low,0
1791,0.003333,0,Low,0
896,0.003333,0,Low,0
1534,0.003333,0,Low,0
1774,0.003333,0,Low,0
920,0.003333,0,Low,0
1764,0.003333,0,Low,0
927,0.003333,0,Low,0
1758,0.003333,0,Low,0
1753,0.003333,0,Low,0
1151,0.003333,0,Low,0
1149,0.003333,0,Low,0
942,0.003333,0,Low,0
1561,0.003333,0,Low,0
1562,0.003333,0,Low,0
1731,0.003333,0,Low,0
1728,0.003333,0,Low,0
962,0.003333,0,Low,0
970,0.003333,0,Low,0
1584,0.003333,0,Low,0
724,0.003333,0,Low,0
1629,0.003333,0,Low,0
1931,0.003333,0,Low,0
485,0.003333,0,Low,0
651,0.003333,0,Low,0
488,0.003333,0,Low,0
1422,0.003333,0,Low,0
1273,0.003333,0,Low,0
1393,0.003333,0,Low,0
1275,0.003333,0,Low,0
1276,0.003333,0,Low,0
590,0.003333,0,Low,0
1399,0.003333,0,Low,0
1285,0.003333,0,Low,0
583,0.003333,0,Low,0
1341,0.003333,0,Low,0
1288,0.003333,0,Low,0
1433,0.003333,0,Low,0
517,0.003333,0,Low,0
519,0.003333,0,Low,0
565,0.003333,0,Low,0
1234,0.003333,0,Low,0
2074,0.003333,0,Low,0
564,0.003333,0,Low,0
1296,0.003333,0,Low,0
559,0.003333,0,Low,0
549,0.003333,0,Low,0
1425,0.003333,0,Low,0
536,0.003333,0,Low,0
1419,0.003333,0,Low,0
543,0.003333,0,Low,0
540,0.003333,0,Low,0
539,0.003333,0,Low,0
487,0.003333,0,Low,0
1994,0.003333,0,Low,0
1985,0.003333,0,Low,0
1360,0.003333,0,Low,0
1944,0.003333,0,Low,0
705,0.003333,0,Low,0
704,0.003333,0,Low,0
702,0.003333,0,Low,0
1479,0.003333,0,Low,0
1238,0.003333,0,Low,0
691,0.003333,0,Low,0
1242,0.003333,0,Low,0
1961,0.003333,0,Low,0
1361,0.003333,0,Low,0
1309,0.003333,0,Low,0
2105,0.003333,0,Low,0
1471,0.003333,0,Low,0
1979,0.003333,0,Low,0
1243,0.003333,0,Low,0
2107,0.003333,0,Low,0
153,0.0,0,Low,0
2483,0.0,0,Low,0
1604,0.0,0,Low,0
1392,0.0,0,Low,0
1089,0.0,0,Low,0
1351,0.0,0,Low,0
1603,0.0,0,Low,0
1616,0.0,0,Low,0
172,0.0,0,Low,0
33,0.0,0,Low,0
1364,0.0,0,Low,0
1125,0.0,0,Low,0
1367,0.0,0,Low,0
1078,0.0,0,Low,0
1615,0.0,0,Low,0
1111,0.0,0,Low,0
1112,0.0,0,Low,0
24,0.0,0,Low,0
2383,0.0,0,Low,0
1347,0.0,0,Low,0
2372,0.0,0,Low,0
1363,0.0,0,Low,0
161,0.0,0,Low,0
1614,0.0,0,Low,0
2368,0.0,0,Low,0
160,0.0,0,Low,0
1327,0.0,0,Low,0
1391,0.0,0,Low,0
2497,0.0,0,Low,0
144,0.0,0,Low,0
1413,0.0,0,Low,0
1105,0.0,0,Low,0
1095,0.0,0,Low,0
2404,0.0,0,Low,0
2395,0.0,0,Low,0
80,0.0,0,Low,0
66,0.0,0,Low,0
1458,0.0,0,Low,0
69,0.0,0,Low,0
2453,0.0,0,Low,0
1255,0.0,0,Low,0
2450,0.0,0,Low,0
2422,0.0,0,Low,0
107,0.0,0,Low,0
2448,0.0,0,Low,0
79,0.0,0,Low,0
1630,0.0,0,Low,0
1211,0.0,0,Low,0
1474,0.0,0,Low,0
2426,0.0,0,Low,0
102,0.0,0,Low,0
1215,0.0,0,Low,0
1492,0.0,0,Low,0
1491,0.0,0,Low,0
1480,0.0,0,Low,0
1482,0.0,0,Low,0
1230,0.0,0,Low,0
2437,0.0,0,Low,0
1263,0.0,0,Low,0
1271,0.0,0,Low,0
1560,0.0,0,Low,0
1432,0.0,0,Low,0
1552,0.0,0,Low,0
1307,0.0,0,Low,0
130,0.0,0,Low,0
1547,0.0,0,Low,0
1159,0.0,0,Low,0
1167,0.0,0,Low,0
1428,0.0,0,Low,0
1529,0.0,0,Low,0
1294,0.0,0,Low,0
45,0.0,0,Low,0
1184,0.0,0,Low,0
63,0.0,0,Low,0
2471,0.0,0,Low,0
1190,0.0,0,Low,0
48,0.0,0,Low,0
1191,0.0,0,Low,0
1287,0.0,0,Low,0
1442,0.0,0,Low,0
1516,0.0,0,Low,0
1277,0.0,0,Low,0
1200,0.0,0,Low,0
60,0.0,0,Low,0
1503,0.0,0,Low,0
457,0.0,0,Low,0
1077,0.0,0,Low,0
372,0.0,0,Low,0
2201,0.0,0,Low,0
365,0.0,0,Low,0
368,0.0,0,Low,0
652,0.0,0,Low,0
2195,0.0,0,Low,0
1988,0.0,0,Low,0
2192,0.0,0,Low,0
358,0.0,0,Low,0
647,0.0,0,Low,0
2001,0.0,0,Low,0
2188,0.0,0,Low,0
617,0.0,0,Low,0
378,0.0,0,Low,0
2013,0.0,0,Low,0
661,0.0,0,Low,0
664,0.0,0,Low,0
1911,0.0,0,Low,0
708,0.0,0,Low,0
732,0.0,0,Low,0
2229,0.0,0,Low,0
2228,0.0,0,Low,0
338,0.0,0,Low,0
339,0.0,0,Low,0
1930,0.0,0,Low,0
1943,0.0,0,Low,0
1973,0.0,0,Low,0
2218,0.0,0,Low,0
694,0.0,0,Low,0
693,0.0,0,Low,0
686,0.0,0,Low,0
677,0.0,0,Low,0
1968,0.0,0,Low,0
2030,0.0,0,Low,0
2031,0.0,0,Low,0
387,0.0,0,Low,0
2101,0.0,0,Low,0
512,0.0,0,Low,0
510,0.0,0,Low,0
506,0.0,0,Low,0
493,0.0,0,Low,0
2098,0.0,0,Low,0
2145,0.0,0,Low,0
2142,0.0,0,Low,0
388,0.0,0,Low,0
443,0.0,0,Low,0
470,0.0,0,Low,0
2114,0.0,0,Low,0
465,0.0,0,Low,0
461,0.0,0,Low,0
459,0.0,0,Low,0
431,0.0,0,Low,0
521,0.0,0,Low,0
533,0.0,0,Low,0
537,0.0,0,Low,0
410,0.0,0,Low,0
2066,0.0,0,Low,0
406,0.0,0,Low,0
546,0.0,0,Low,0
2054,0.0,0,Low,0
2169,0.0,0,Low,0
567,0.0,0,Low,0
568,0.0,0,Low,0
398,0.0,0,Low,0
397,0.0,0,Low,0
2033,0.0,0,Low,0
394,0.0,0,Low,0
390,0.0,0,Low,0
330,0.0,0,Low,0
738,0.0,0,Low,0
2358,0.0,0,Low,0
225,0.0,0,Low,0
1022,0.0,0,Low,0
203,0.0,0,Low,0
1677,0.0,0,Low,0
209,0.0,0,Low,0
998,0.0,0,Low,0
2321,0.0,0,Low,0
1707,0.0,0,Low,0
1668,0.0,0,Low,0
1708,0.0,0,Low,0
980,0.0,0,Low,0
1711,0.0,0,Low,0
2125,0.0,0,Low,0
2310,0.0,0,Low,0
1732,0.0,0,Low,0
1670,0.0,0,Low,0
1666,0.0,0,Low,0
1906,0.0,0,Low,0
1053,0.0,0,Low,0
1076,0.0,0,Low,0
1066,0.0,0,Low,0
1062,0.0,0,Low,0
1057,0.0,0,Low,0
1055,0.0,0,Low,0
1641,0.0,0,Low,0
195,0.0,0,Low,0
1031,0.0,0,Low,0
196,0.0,0,Low,0
1645,0.0,0,Low,0
1650,0.0,0,Low,0
1652,0.0,0,Low,0
1037,0.0,0,Low,0
1036,0.0,0,Low,0
1733,0.0,0,Low,0
1742,0.0,0,Low,0
237,0.0,0,Low,0
317,0.0,0,Low,0
1852,0.0,0,Low,0
292,0.0,0,Low,0
799,0.0,0,Low,0
1860,0.0,0,Low,0
779,0.0,0,Low,0
1880,0.0,0,Low,0
2250,0.0,0,Low,0
937,0.0,0,Low,0
1891,0.0,0,Low,0
326,0.0,0,Low,0
2244,0.0,0,Low,0
2242,0.0,0,Low,0
750,0.0,0,Low,0
748,0.0,0,Low,0
1848,0.0,0,Low,0
820,0.0,0,Low,0
1841,0.0,0,Low,0
2278,0.0,0,Low,0
1816,0.0,0,Low,0
1811,0.0,0,Low,0
1800,0.0,0,Low,0
884,0.0,0,Low,0
267,0.0,0,Low,0
897,0.0,0,Low,0
1779,0.0,0,Low,0
898,0.0,0,Low,0
899,0.0,0,Low,0
2299,0.0,0,Low,0
931,0.0,0,Low,0
935,0.0,0,Low,0
1751,0.0,0,Low,0
1379,0.0,0,Low,0
